--
-- PostgreSQL database dump
--

-- Dumped from database version 14.18 (Homebrew)
-- Dumped by pg_dump version 17.0

-- Started on 2026-02-16 18:32:36 EST

SET statement_timeout = 0;
SET lock_timeout = 0;
SET idle_in_transaction_session_timeout = 0;
SET transaction_timeout = 0;
SET client_encoding = 'UTF8';
SET standard_conforming_strings = on;
SELECT pg_catalog.set_config('search_path', '', false);
SET check_function_bodies = false;
SET xmloption = content;
SET client_min_messages = warning;
SET row_security = off;

--
-- TOC entry 4 (class 2615 OID 2200)
-- Name: public; Type: SCHEMA; Schema: -; Owner: rachitpandya
--

-- *not* creating schema, since initdb creates it


ALTER SCHEMA public OWNER TO rachitpandya;

SET default_tablespace = '';

SET default_table_access_method = heap;

--
-- TOC entry 216 (class 1259 OID 17275)
-- Name: auth_group; Type: TABLE; Schema: public; Owner: rachitpandya
--

CREATE TABLE public.auth_group (
    id integer NOT NULL,
    name character varying(150) NOT NULL
);


ALTER TABLE public.auth_group OWNER TO rachitpandya;

--
-- TOC entry 215 (class 1259 OID 17274)
-- Name: auth_group_id_seq; Type: SEQUENCE; Schema: public; Owner: rachitpandya
--

ALTER TABLE public.auth_group ALTER COLUMN id ADD GENERATED BY DEFAULT AS IDENTITY (
    SEQUENCE NAME public.auth_group_id_seq
    START WITH 1
    INCREMENT BY 1
    NO MINVALUE
    NO MAXVALUE
    CACHE 1
);


--
-- TOC entry 218 (class 1259 OID 17283)
-- Name: auth_group_permissions; Type: TABLE; Schema: public; Owner: rachitpandya
--

CREATE TABLE public.auth_group_permissions (
    id bigint NOT NULL,
    group_id integer NOT NULL,
    permission_id integer NOT NULL
);


ALTER TABLE public.auth_group_permissions OWNER TO rachitpandya;

--
-- TOC entry 217 (class 1259 OID 17282)
-- Name: auth_group_permissions_id_seq; Type: SEQUENCE; Schema: public; Owner: rachitpandya
--

ALTER TABLE public.auth_group_permissions ALTER COLUMN id ADD GENERATED BY DEFAULT AS IDENTITY (
    SEQUENCE NAME public.auth_group_permissions_id_seq
    START WITH 1
    INCREMENT BY 1
    NO MINVALUE
    NO MAXVALUE
    CACHE 1
);


--
-- TOC entry 214 (class 1259 OID 17269)
-- Name: auth_permission; Type: TABLE; Schema: public; Owner: rachitpandya
--

CREATE TABLE public.auth_permission (
    id integer NOT NULL,
    name character varying(255) NOT NULL,
    content_type_id integer NOT NULL,
    codename character varying(100) NOT NULL
);


ALTER TABLE public.auth_permission OWNER TO rachitpandya;

--
-- TOC entry 213 (class 1259 OID 17268)
-- Name: auth_permission_id_seq; Type: SEQUENCE; Schema: public; Owner: rachitpandya
--

ALTER TABLE public.auth_permission ALTER COLUMN id ADD GENERATED BY DEFAULT AS IDENTITY (
    SEQUENCE NAME public.auth_permission_id_seq
    START WITH 1
    INCREMENT BY 1
    NO MINVALUE
    NO MAXVALUE
    CACHE 1
);


--
-- TOC entry 237 (class 1259 OID 17451)
-- Name: authtoken_token; Type: TABLE; Schema: public; Owner: rachitpandya
--

CREATE TABLE public.authtoken_token (
    key character varying(40) NOT NULL,
    created timestamp with time zone NOT NULL,
    user_id bigint NOT NULL
);


ALTER TABLE public.authtoken_token OWNER TO rachitpandya;

--
-- TOC entry 236 (class 1259 OID 17431)
-- Name: django_admin_log; Type: TABLE; Schema: public; Owner: rachitpandya
--

CREATE TABLE public.django_admin_log (
    id integer NOT NULL,
    action_time timestamp with time zone NOT NULL,
    object_id text,
    object_repr character varying(200) NOT NULL,
    action_flag smallint NOT NULL,
    change_message text NOT NULL,
    content_type_id integer,
    user_id bigint NOT NULL,
    CONSTRAINT django_admin_log_action_flag_check CHECK ((action_flag >= 0))
);


ALTER TABLE public.django_admin_log OWNER TO rachitpandya;

--
-- TOC entry 235 (class 1259 OID 17430)
-- Name: django_admin_log_id_seq; Type: SEQUENCE; Schema: public; Owner: rachitpandya
--

ALTER TABLE public.django_admin_log ALTER COLUMN id ADD GENERATED BY DEFAULT AS IDENTITY (
    SEQUENCE NAME public.django_admin_log_id_seq
    START WITH 1
    INCREMENT BY 1
    NO MINVALUE
    NO MAXVALUE
    CACHE 1
);


--
-- TOC entry 212 (class 1259 OID 17261)
-- Name: django_content_type; Type: TABLE; Schema: public; Owner: rachitpandya
--

CREATE TABLE public.django_content_type (
    id integer NOT NULL,
    app_label character varying(100) NOT NULL,
    model character varying(100) NOT NULL
);


ALTER TABLE public.django_content_type OWNER TO rachitpandya;

--
-- TOC entry 211 (class 1259 OID 17260)
-- Name: django_content_type_id_seq; Type: SEQUENCE; Schema: public; Owner: rachitpandya
--

ALTER TABLE public.django_content_type ALTER COLUMN id ADD GENERATED BY DEFAULT AS IDENTITY (
    SEQUENCE NAME public.django_content_type_id_seq
    START WITH 1
    INCREMENT BY 1
    NO MINVALUE
    NO MAXVALUE
    CACHE 1
);


--
-- TOC entry 210 (class 1259 OID 17253)
-- Name: django_migrations; Type: TABLE; Schema: public; Owner: rachitpandya
--

CREATE TABLE public.django_migrations (
    id bigint NOT NULL,
    app character varying(255) NOT NULL,
    name character varying(255) NOT NULL,
    applied timestamp with time zone NOT NULL
);


ALTER TABLE public.django_migrations OWNER TO rachitpandya;

--
-- TOC entry 209 (class 1259 OID 17252)
-- Name: django_migrations_id_seq; Type: SEQUENCE; Schema: public; Owner: rachitpandya
--

ALTER TABLE public.django_migrations ALTER COLUMN id ADD GENERATED BY DEFAULT AS IDENTITY (
    SEQUENCE NAME public.django_migrations_id_seq
    START WITH 1
    INCREMENT BY 1
    NO MINVALUE
    NO MAXVALUE
    CACHE 1
);


--
-- TOC entry 238 (class 1259 OID 17518)
-- Name: django_session; Type: TABLE; Schema: public; Owner: rachitpandya
--

CREATE TABLE public.django_session (
    session_key character varying(40) NOT NULL,
    session_data text NOT NULL,
    expire_date timestamp with time zone NOT NULL
);


ALTER TABLE public.django_session OWNER TO rachitpandya;

--
-- TOC entry 220 (class 1259 OID 17315)
-- Name: expense_tracker_category; Type: TABLE; Schema: public; Owner: rachitpandya
--

CREATE TABLE public.expense_tracker_category (
    id bigint NOT NULL,
    name character varying(100) NOT NULL
);


ALTER TABLE public.expense_tracker_category OWNER TO rachitpandya;

--
-- TOC entry 219 (class 1259 OID 17314)
-- Name: expense_tracker_category_id_seq; Type: SEQUENCE; Schema: public; Owner: rachitpandya
--

ALTER TABLE public.expense_tracker_category ALTER COLUMN id ADD GENERATED BY DEFAULT AS IDENTITY (
    SEQUENCE NAME public.expense_tracker_category_id_seq
    START WITH 1
    INCREMENT BY 1
    NO MINVALUE
    NO MAXVALUE
    CACHE 1
);


--
-- TOC entry 222 (class 1259 OID 17323)
-- Name: expense_tracker_customuser; Type: TABLE; Schema: public; Owner: rachitpandya
--

CREATE TABLE public.expense_tracker_customuser (
    id bigint NOT NULL,
    password character varying(128) NOT NULL,
    last_login timestamp with time zone,
    is_superuser boolean NOT NULL,
    username character varying(150) NOT NULL,
    first_name character varying(150) NOT NULL,
    last_name character varying(150) NOT NULL,
    email character varying(254) NOT NULL,
    is_staff boolean NOT NULL,
    is_active boolean NOT NULL,
    date_joined timestamp with time zone NOT NULL,
    college character varying(255) NOT NULL,
    semester integer NOT NULL,
    default_payment_methods character varying(255) NOT NULL,
    is_verified boolean NOT NULL,
    jwt_token character varying(1024),
    verification_code character varying(6),
    verification_code_created_at timestamp with time zone
);


ALTER TABLE public.expense_tracker_customuser OWNER TO rachitpandya;

--
-- TOC entry 224 (class 1259 OID 17333)
-- Name: expense_tracker_customuser_groups; Type: TABLE; Schema: public; Owner: rachitpandya
--

CREATE TABLE public.expense_tracker_customuser_groups (
    id bigint NOT NULL,
    customuser_id bigint NOT NULL,
    group_id integer NOT NULL
);


ALTER TABLE public.expense_tracker_customuser_groups OWNER TO rachitpandya;

--
-- TOC entry 223 (class 1259 OID 17332)
-- Name: expense_tracker_customuser_groups_id_seq; Type: SEQUENCE; Schema: public; Owner: rachitpandya
--

ALTER TABLE public.expense_tracker_customuser_groups ALTER COLUMN id ADD GENERATED BY DEFAULT AS IDENTITY (
    SEQUENCE NAME public.expense_tracker_customuser_groups_id_seq
    START WITH 1
    INCREMENT BY 1
    NO MINVALUE
    NO MAXVALUE
    CACHE 1
);


--
-- TOC entry 221 (class 1259 OID 17322)
-- Name: expense_tracker_customuser_id_seq; Type: SEQUENCE; Schema: public; Owner: rachitpandya
--

ALTER TABLE public.expense_tracker_customuser ALTER COLUMN id ADD GENERATED BY DEFAULT AS IDENTITY (
    SEQUENCE NAME public.expense_tracker_customuser_id_seq
    START WITH 1
    INCREMENT BY 1
    NO MINVALUE
    NO MAXVALUE
    CACHE 1
);


--
-- TOC entry 226 (class 1259 OID 17339)
-- Name: expense_tracker_customuser_user_permissions; Type: TABLE; Schema: public; Owner: rachitpandya
--

CREATE TABLE public.expense_tracker_customuser_user_permissions (
    id bigint NOT NULL,
    customuser_id bigint NOT NULL,
    permission_id integer NOT NULL
);


ALTER TABLE public.expense_tracker_customuser_user_permissions OWNER TO rachitpandya;

--
-- TOC entry 225 (class 1259 OID 17338)
-- Name: expense_tracker_customuser_user_permissions_id_seq; Type: SEQUENCE; Schema: public; Owner: rachitpandya
--

ALTER TABLE public.expense_tracker_customuser_user_permissions ALTER COLUMN id ADD GENERATED BY DEFAULT AS IDENTITY (
    SEQUENCE NAME public.expense_tracker_customuser_user_permissions_id_seq
    START WITH 1
    INCREMENT BY 1
    NO MINVALUE
    NO MAXVALUE
    CACHE 1
);


--
-- TOC entry 228 (class 1259 OID 17345)
-- Name: expense_tracker_expense; Type: TABLE; Schema: public; Owner: rachitpandya
--

CREATE TABLE public.expense_tracker_expense (
    id bigint NOT NULL,
    amount numeric(10,2) NOT NULL,
    split_type character varying(50) NOT NULL,
    date date NOT NULL,
    receipt_image character varying(100),
    category_id bigint NOT NULL,
    created_by_id character varying(150) NOT NULL,
    group_id_id bigint NOT NULL
);


ALTER TABLE public.expense_tracker_expense OWNER TO rachitpandya;

--
-- TOC entry 227 (class 1259 OID 17344)
-- Name: expense_tracker_expense_id_seq; Type: SEQUENCE; Schema: public; Owner: rachitpandya
--

ALTER TABLE public.expense_tracker_expense ALTER COLUMN id ADD GENERATED BY DEFAULT AS IDENTITY (
    SEQUENCE NAME public.expense_tracker_expense_id_seq
    START WITH 1
    INCREMENT BY 1
    NO MINVALUE
    NO MAXVALUE
    CACHE 1
);


--
-- TOC entry 230 (class 1259 OID 17351)
-- Name: expense_tracker_group; Type: TABLE; Schema: public; Owner: rachitpandya
--

CREATE TABLE public.expense_tracker_group (
    group_id bigint NOT NULL,
    name character varying(100) NOT NULL,
    created_by_id character varying(150) NOT NULL
);


ALTER TABLE public.expense_tracker_group OWNER TO rachitpandya;

--
-- TOC entry 229 (class 1259 OID 17350)
-- Name: expense_tracker_group_id_seq; Type: SEQUENCE; Schema: public; Owner: rachitpandya
--

ALTER TABLE public.expense_tracker_group ALTER COLUMN group_id ADD GENERATED BY DEFAULT AS IDENTITY (
    SEQUENCE NAME public.expense_tracker_group_id_seq
    START WITH 1
    INCREMENT BY 1
    NO MINVALUE
    NO MAXVALUE
    CACHE 1
);


--
-- TOC entry 232 (class 1259 OID 17357)
-- Name: expense_tracker_group_members; Type: TABLE; Schema: public; Owner: rachitpandya
--

CREATE TABLE public.expense_tracker_group_members (
    id bigint NOT NULL,
    group_id bigint NOT NULL,
    customuser_id bigint NOT NULL
);


ALTER TABLE public.expense_tracker_group_members OWNER TO rachitpandya;

--
-- TOC entry 231 (class 1259 OID 17356)
-- Name: expense_tracker_group_members_id_seq; Type: SEQUENCE; Schema: public; Owner: rachitpandya
--

ALTER TABLE public.expense_tracker_group_members ALTER COLUMN id ADD GENERATED BY DEFAULT AS IDENTITY (
    SEQUENCE NAME public.expense_tracker_group_members_id_seq
    START WITH 1
    INCREMENT BY 1
    NO MINVALUE
    NO MAXVALUE
    CACHE 1
);


--
-- TOC entry 240 (class 1259 OID 37023)
-- Name: expense_tracker_passwordresettoken; Type: TABLE; Schema: public; Owner: rachitpandya
--

CREATE TABLE public.expense_tracker_passwordresettoken (
    token_id integer NOT NULL,
    token character varying(100) NOT NULL,
    expiry timestamp with time zone NOT NULL,
    created_at timestamp with time zone NOT NULL,
    user_id bigint NOT NULL
);


ALTER TABLE public.expense_tracker_passwordresettoken OWNER TO rachitpandya;

--
-- TOC entry 239 (class 1259 OID 37022)
-- Name: expense_tracker_passwordresettoken_token_id_seq; Type: SEQUENCE; Schema: public; Owner: rachitpandya
--

ALTER TABLE public.expense_tracker_passwordresettoken ALTER COLUMN token_id ADD GENERATED BY DEFAULT AS IDENTITY (
    SEQUENCE NAME public.expense_tracker_passwordresettoken_token_id_seq
    START WITH 1
    INCREMENT BY 1
    NO MINVALUE
    NO MAXVALUE
    CACHE 1
);


--
-- TOC entry 234 (class 1259 OID 17363)
-- Name: expense_tracker_settlement; Type: TABLE; Schema: public; Owner: rachitpandya
--

CREATE TABLE public.expense_tracker_settlement (
    id integer NOT NULL,
    payment_status character varying(50) NOT NULL,
    settlement_method character varying(50) NOT NULL,
    due_date date NOT NULL,
    group_id bigint NOT NULL,
    user_id bigint NOT NULL,
    amount numeric(10,2) NOT NULL,
    settlement_date date NOT NULL
);


ALTER TABLE public.expense_tracker_settlement OWNER TO rachitpandya;

--
-- TOC entry 233 (class 1259 OID 17362)
-- Name: expense_tracker_settlement_id_seq; Type: SEQUENCE; Schema: public; Owner: rachitpandya
--

ALTER TABLE public.expense_tracker_settlement ALTER COLUMN id ADD GENERATED BY DEFAULT AS IDENTITY (
    SEQUENCE NAME public.expense_tracker_settlement_id_seq
    START WITH 1
    INCREMENT BY 1
    NO MINVALUE
    NO MAXVALUE
    CACHE 1
);


--
-- TOC entry 243 (class 1259 OID 43291)
-- Name: members; Type: TABLE; Schema: public; Owner: rachitpandya
--

CREATE TABLE public.members (
    customer_id character varying(1),
    join_date date
);


ALTER TABLE public.members OWNER TO rachitpandya;

--
-- TOC entry 242 (class 1259 OID 43288)
-- Name: menu; Type: TABLE; Schema: public; Owner: rachitpandya
--

CREATE TABLE public.menu (
    product_id integer,
    product_name character varying(5),
    price integer
);


ALTER TABLE public.menu OWNER TO rachitpandya;

--
-- TOC entry 241 (class 1259 OID 43285)
-- Name: sales; Type: TABLE; Schema: public; Owner: rachitpandya
--

CREATE TABLE public.sales (
    customer_id character varying(1),
    order_date date,
    product_id integer
);


ALTER TABLE public.sales OWNER TO rachitpandya;

--
-- TOC entry 3836 (class 0 OID 17275)
-- Dependencies: 216
-- Data for Name: auth_group; Type: TABLE DATA; Schema: public; Owner: rachitpandya
--

COPY public.auth_group (id, name) FROM stdin;
\.


--
-- TOC entry 3838 (class 0 OID 17283)
-- Dependencies: 218
-- Data for Name: auth_group_permissions; Type: TABLE DATA; Schema: public; Owner: rachitpandya
--

COPY public.auth_group_permissions (id, group_id, permission_id) FROM stdin;
\.


--
-- TOC entry 3834 (class 0 OID 17269)
-- Dependencies: 214
-- Data for Name: auth_permission; Type: TABLE DATA; Schema: public; Owner: rachitpandya
--

COPY public.auth_permission (id, name, content_type_id, codename) FROM stdin;
1	Can add log entry	1	add_logentry
2	Can change log entry	1	change_logentry
3	Can delete log entry	1	delete_logentry
4	Can view log entry	1	view_logentry
5	Can add permission	2	add_permission
6	Can change permission	2	change_permission
7	Can delete permission	2	delete_permission
8	Can view permission	2	view_permission
9	Can add group	3	add_group
10	Can change group	3	change_group
11	Can delete group	3	delete_group
12	Can view group	3	view_group
13	Can add content type	4	add_contenttype
14	Can change content type	4	change_contenttype
15	Can delete content type	4	delete_contenttype
16	Can view content type	4	view_contenttype
17	Can add session	5	add_session
18	Can change session	5	change_session
19	Can delete session	5	delete_session
20	Can view session	5	view_session
21	Can add Token	6	add_token
22	Can change Token	6	change_token
23	Can delete Token	6	delete_token
24	Can view Token	6	view_token
25	Can add Token	7	add_tokenproxy
26	Can change Token	7	change_tokenproxy
27	Can delete Token	7	delete_tokenproxy
28	Can view Token	7	view_tokenproxy
29	Can add category	8	add_category
30	Can change category	8	change_category
31	Can delete category	8	delete_category
32	Can view category	8	view_category
33	Can add user	9	add_customuser
34	Can change user	9	change_customuser
35	Can delete user	9	delete_customuser
36	Can view user	9	view_customuser
37	Can add expense	10	add_expense
38	Can change expense	10	change_expense
39	Can delete expense	10	delete_expense
40	Can view expense	10	view_expense
41	Can add group	11	add_group
42	Can change group	11	change_group
43	Can delete group	11	delete_group
44	Can view group	11	view_group
45	Can add settlement	12	add_settlement
46	Can change settlement	12	change_settlement
47	Can delete settlement	12	delete_settlement
48	Can view settlement	12	view_settlement
49	Can add password reset token	13	add_passwordresettoken
50	Can change password reset token	13	change_passwordresettoken
51	Can delete password reset token	13	delete_passwordresettoken
52	Can view password reset token	13	view_passwordresettoken
\.


--
-- TOC entry 3857 (class 0 OID 17451)
-- Dependencies: 237
-- Data for Name: authtoken_token; Type: TABLE DATA; Schema: public; Owner: rachitpandya
--

COPY public.authtoken_token (key, created, user_id) FROM stdin;
\.


--
-- TOC entry 3856 (class 0 OID 17431)
-- Dependencies: 236
-- Data for Name: django_admin_log; Type: TABLE DATA; Schema: public; Owner: rachitpandya
--

COPY public.django_admin_log (id, action_time, object_id, object_repr, action_flag, change_message, content_type_id, user_id) FROM stdin;
1	2025-07-25 18:18:56.768131-04	7	essay	3		9	1
2	2025-07-25 18:42:18.124045-04	8	essay	3		9	1
3	2025-07-30 23:37:13.397595-04	2	mansi	3		9	1
4	2025-07-30 23:52:36.708523-04	9	essay	3		9	1
\.


--
-- TOC entry 3832 (class 0 OID 17261)
-- Dependencies: 212
-- Data for Name: django_content_type; Type: TABLE DATA; Schema: public; Owner: rachitpandya
--

COPY public.django_content_type (id, app_label, model) FROM stdin;
1	admin	logentry
2	auth	permission
3	auth	group
4	contenttypes	contenttype
5	sessions	session
6	authtoken	token
7	authtoken	tokenproxy
8	expense_tracker	category
9	expense_tracker	customuser
10	expense_tracker	expense
11	expense_tracker	group
12	expense_tracker	settlement
13	expense_tracker	passwordresettoken
\.


--
-- TOC entry 3830 (class 0 OID 17253)
-- Dependencies: 210
-- Data for Name: django_migrations; Type: TABLE DATA; Schema: public; Owner: rachitpandya
--

COPY public.django_migrations (id, app, name, applied) FROM stdin;
1	contenttypes	0001_initial	2025-07-07 22:37:37.610144-04
2	contenttypes	0002_remove_content_type_name	2025-07-07 22:37:37.628656-04
3	auth	0001_initial	2025-07-07 22:37:37.658787-04
4	auth	0002_alter_permission_name_max_length	2025-07-07 22:37:37.661828-04
5	auth	0003_alter_user_email_max_length	2025-07-07 22:37:37.66408-04
6	auth	0004_alter_user_username_opts	2025-07-07 22:37:37.665952-04
7	auth	0005_alter_user_last_login_null	2025-07-07 22:37:37.667849-04
8	auth	0006_require_contenttypes_0002	2025-07-07 22:37:37.668391-04
9	auth	0007_alter_validators_add_error_messages	2025-07-07 22:37:37.669984-04
10	auth	0008_alter_user_username_max_length	2025-07-07 22:37:37.671705-04
11	auth	0009_alter_user_last_name_max_length	2025-07-07 22:37:37.673573-04
12	auth	0010_alter_group_name_max_length	2025-07-07 22:37:37.677071-04
13	auth	0011_update_proxy_permissions	2025-07-07 22:37:37.67872-04
14	auth	0012_alter_user_first_name_max_length	2025-07-07 22:37:37.68072-04
15	expense_tracker	0001_initial	2025-07-07 22:37:37.741786-04
16	admin	0001_initial	2025-07-07 22:37:37.752719-04
17	admin	0002_logentry_remove_auto_add	2025-07-07 22:37:37.757129-04
18	admin	0003_logentry_add_action_flag_choices	2025-07-07 22:37:37.760634-04
19	authtoken	0001_initial	2025-07-07 22:37:37.775197-04
20	authtoken	0002_auto_20160226_1747	2025-07-07 22:37:37.789226-04
21	authtoken	0003_tokenproxy	2025-07-07 22:37:37.790353-04
22	authtoken	0004_alter_tokenproxy_options	2025-07-07 22:37:37.792062-04
23	expense_tracker	0002_alter_customuser_semester	2025-07-07 22:37:37.79591-04
24	expense_tracker	0003_rename_id_group_group_id_expense_group_id_and_more	2025-07-07 22:37:37.81458-04
25	expense_tracker	0004_alter_group_members	2025-07-07 22:37:37.818387-04
26	expense_tracker	0005_group_created_by	2025-07-07 22:37:37.8282-04
27	expense_tracker	0006_customuser_is_verified_customuser_jwt_token_and_more	2025-07-07 22:37:37.843722-04
28	expense_tracker	0007_settlement_amount_alter_customuser_semester	2025-07-07 22:37:37.853786-04
29	expense_tracker	0008_remove_expense_group_id_alter_expense_created_by	2025-07-07 22:37:37.883612-04
30	expense_tracker	0009_expense_group_id	2025-07-07 22:37:37.893186-04
31	expense_tracker	0010_alter_settlement_payment_status	2025-07-07 22:37:37.89672-04
32	expense_tracker	0011_alter_expense_split_type	2025-07-07 22:37:37.900584-04
33	expense_tracker	0012_alter_settlement_id	2025-07-07 22:37:37.912641-04
34	expense_tracker	0013_settlement_settlement_date	2025-07-07 22:37:37.918287-04
35	expense_tracker	0014_alter_settlement_settlement_date	2025-07-07 22:37:37.921878-04
36	sessions	0001_initial	2025-07-07 22:37:37.92887-04
37	expense_tracker	0015_alter_category_name	2025-07-07 23:53:19.761889-04
38	expense_tracker	0016_passwordresettoken	2025-11-26 22:50:23.114799-05
\.


--
-- TOC entry 3858 (class 0 OID 17518)
-- Dependencies: 238
-- Data for Name: django_session; Type: TABLE DATA; Schema: public; Owner: rachitpandya
--

COPY public.django_session (session_key, session_data, expire_date) FROM stdin;
59o2vppiat44q76vnlku1so7ufvbnd8p	.eJxVjEEOwiAQAP_C2RAqgV08evcNZGEXqRqalPZk_Lsh6UGvM5N5q0j7VuPeZY0zq4ua1OmXJcpPaUPwg9p90Xlp2zonPRJ92K5vC8vrerR_g0q9ji2Rt8VYss5hYDbpXHJBRCiuIECywAkhmxBIwAOhZ_aTYWvZJRH1-QLqNDhP:1uaHLb:IAitVDmKabMNoflyKjeYAhq5i7DBvYIWfj3h16THE0U	2025-07-25 13:15:43.781272-04
8tvchmmj4wnidmuroiw48pvc0a1giuuq	.eJxVjEEOwiAQAP_C2RAqgV08evcNZGEXqRqalPZk_Lsh6UGvM5N5q0j7VuPeZY0zq4ua1OmXJcpPaUPwg9p90Xlp2zonPRJ92K5vC8vrerR_g0q9ji2Rt8VYss5hYDbpXHJBRCiuIECywAkhmxBIwAOhZ_aTYWvZJRH1-QLqNDhP:1uhFCx:-JVrL_vATGZdlyxojAXmrhGraJNzf6Z0WWbHxAAhlvo	2025-08-13 18:23:35.84838-04
9q3ovnrsbk2w191xhszmck9x47609zu1	.eJxVjMEOwiAQRP-FsyFAFxCP3v0GsiyLVA1NSnsy_rtt0oMeZ96beYuI61Lj2nmOYxYXoZU4_ZYJ6cltJ_mB7T5Jmtoyj0nuijxol7cp8-t6uH8HFXvd1i6zNWywFINnICRG68kPQ9EAxsKWA4IPSrnETGCZwRRng04BPaH4fAErGDjw:1ukOg6:jjKL54Rup0yFv3Eb9nAnv239Ks-EgILu856yDAZrppo	2025-08-22 11:06:42.22332-04
jndysxegkgsp9p315a1hffaj9tzwhcw8	.eJxVjDsOwjAQBe_iGlnJ-k9Jzxksr3eNA8iR4qRC3B0ipYD2zcx7iZi2tcat8xInEmcxgjj9jpjyg9tO6J7abZZ5busyodwVedAurzPx83K4fwc19fqtnRqdQm0NATiDTkFigJA1M2UdCpG3gy5MBdFa5zybgGrAwB7QeCPeH_6FOCA:1un8Zs:E1D3PfXl8oQGk1p11PkqkJ2oyVuVK0JBkfBvZSIw5w4	2025-08-30 00:31:36.073798-04
mxs6dybrh7n3bswya7hto8gu6fjaz9q8	.eJxVjEEOwiAQAP_C2RAqgV08evcNZGEXqRqalPZk_Lsh6UGvM5N5q0j7VuPeZY0zq4ua1OmXJcpPaUPwg9p90Xlp2zonPRJ92K5vC8vrerR_g0q9ji2Rt8VYss5hYDbpXHJBRCiuIECywAkhmxBIwAOhZ_aTYWvZJRH1-QLqNDhP:1vBaV1:YF2P8WPVK6jvLCc6ROCKPCe0VrEDjxFiA4Je9QAU_TQ	2025-11-05 10:11:39.717976-05
jlg5w3qkuwnzdndtpsh444rs2i4390uc	.eJxVjEEOwiAQAP_C2RAqgV08evcNZGEXqRqalPZk_Lsh6UGvM5N5q0j7VuPeZY0zq4ua1OmXJcpPaUPwg9p90Xlp2zonPRJ92K5vC8vrerR_g0q9ji2Rt8VYss5hYDbpXHJBRCiuIECywAkhmxBIwAOhZ_aTYWvZJRH1-QLqNDhP:1vOSzl:DYkJ-CzJmt_xJyqGWlm1ervPHFgq58Ts-IwViaxGu1g	2025-12-10 22:48:37.909557-05
\.


--
-- TOC entry 3840 (class 0 OID 17315)
-- Dependencies: 220
-- Data for Name: expense_tracker_category; Type: TABLE DATA; Schema: public; Owner: rachitpandya
--

COPY public.expense_tracker_category (id, name) FROM stdin;
1	Food
2	Travel
3	Rent
4	Groceries
5	Utilities
6	Entertainment
7	Medical
8	Education
9	Shopping
10	Others
\.


--
-- TOC entry 3842 (class 0 OID 17323)
-- Dependencies: 222
-- Data for Name: expense_tracker_customuser; Type: TABLE DATA; Schema: public; Owner: rachitpandya
--

COPY public.expense_tracker_customuser (id, password, last_login, is_superuser, username, first_name, last_name, email, is_staff, is_active, date_joined, college, semester, default_payment_methods, is_verified, jwt_token, verification_code, verification_code_created_at) FROM stdin;
11	pbkdf2_sha256$870000$hG9zs7XXCZq4BzjoynqBw7$S7MU3MdjLnTCANMsuKbfl7GxeDpnYM4nHYyv28wnfi0=	\N	f	newuser			new@example.com	f	t	2025-08-07 23:27:16.271745-04	Test College	3	Cash	f	\N	811014	2025-08-07 23:28:46.296751-04
4	pbkdf2_sha256$870000$H5eaX4heNpxy9gIQiLpZAI$zT5IdCbGRfY8bgXevsfIGCntFyZqEznt2CvVTkMSsUg=	\N	f	rachit4018			rachitpandya2509@gmail.com	f	t	2025-07-21 13:34:14.828021-04	Loyalist College	3		f	\N	119856	2025-07-21 13:34:15.058837-04
10	pbkdf2_sha256$870000$n7UHqYTkzkWXhYrmIUknFt$MPngnuRDzJLVv1ju6JW+DgBgxR14IL+aB1RYSONes+I=	2025-08-08 11:06:42.212933-04	f	prachit			pandyarachit1525@gmail.com	f	t	2025-07-30 23:54:22.897308-04	Loyalist College	3		t	\N	\N	\N
12	pbkdf2_sha256$870000$RgySJZNoWVFFUycxm7imVV$voB4sSGPVr/wjY52GysJfGYm/RPEDNqMlpKnA6JdzmI=	2025-08-16 00:31:36.069674-04	f	newuser1			new1@example.com	f	t	2025-08-07 23:38:03.93527-04	Test College	3	Cash	t	\N	368182	2025-08-07 23:38:42.982712-04
1	pbkdf2_sha256$870000$UyCa4JiKlpP1d8d0lFjPGl$vsnVVYMfUIPf40MZS4Sr/XB4I+q44kvLbeQAgWtWru8=	2025-11-26 22:48:37.906957-05	t	rachit			pandyarachit6@gmail.com	t	t	2025-07-07 22:38:09.782667-04	Loyalist College	4		t	\N	723864	2025-07-30 21:40:56.916756-04
3	pbkdf2_sha256$870000$eq5TXYgysPwpHJlGQkM2Pl$IxA1s15dCpCwGPyXWQ8SXYS4EXY9VsnUq2B/R5KQDtI=	2025-07-30 23:57:10.034118-04	f	dipen			essay.12to2@gmail.com	f	t	2025-07-07 23:30:53.064736-04	Loyalist College	3		t	\N	\N	\N
13	pbkdf2_sha256$870000$Zm8tbbbZL6JwALe3IaEF0a$oXLH0SbKzREhRP4D6IXgM8fd8Sh5Tnfp9pYvxpCDnuI=	\N	f	prit			pritpatel1845@gmail.com	f	t	2025-12-04 23:37:06.444205-05	Loyalist College	4	Net Banking	t	\N	\N	\N
\.


--
-- TOC entry 3844 (class 0 OID 17333)
-- Dependencies: 224
-- Data for Name: expense_tracker_customuser_groups; Type: TABLE DATA; Schema: public; Owner: rachitpandya
--

COPY public.expense_tracker_customuser_groups (id, customuser_id, group_id) FROM stdin;
\.


--
-- TOC entry 3846 (class 0 OID 17339)
-- Dependencies: 226
-- Data for Name: expense_tracker_customuser_user_permissions; Type: TABLE DATA; Schema: public; Owner: rachitpandya
--

COPY public.expense_tracker_customuser_user_permissions (id, customuser_id, permission_id) FROM stdin;
\.


--
-- TOC entry 3848 (class 0 OID 17345)
-- Dependencies: 228
-- Data for Name: expense_tracker_expense; Type: TABLE DATA; Schema: public; Owner: rachitpandya
--

COPY public.expense_tracker_expense (id, amount, split_type, date, receipt_image, category_id, created_by_id, group_id_id) FROM stdin;
1	100.00	equal	2025-07-08	receipts/diagram.png	2	dipen	3
2	1100.00	equal	2025-07-08		2	dipen	3
3	1100.00	equal	2025-07-08		4	rachit	1
4	100.00	equal	2025-07-30	receipts/Screenshot_2025-06-15_at_1.55.46PM.png	7	rachit	1
5	100.00	equal	2025-07-30		3	rachit	5
6	100.00	equal	2025-08-08		1	newuser1	6
7	100.00	equal	2026-01-10		3	prachit	7
\.


--
-- TOC entry 3850 (class 0 OID 17351)
-- Dependencies: 230
-- Data for Name: expense_tracker_group; Type: TABLE DATA; Schema: public; Owner: rachitpandya
--

COPY public.expense_tracker_group (group_id, name, created_by_id) FROM stdin;
1	Trip	rachit
3	Grocery	dipen
5	library	rachit
6	Trip	newuser1
7	college	prachit
8	a	prachit
\.


--
-- TOC entry 3852 (class 0 OID 17357)
-- Dependencies: 232
-- Data for Name: expense_tracker_group_members; Type: TABLE DATA; Schema: public; Owner: rachitpandya
--

COPY public.expense_tracker_group_members (id, group_id, customuser_id) FROM stdin;
1	1	1
4	3	3
5	3	1
9	1	3
10	5	1
11	6	12
12	7	10
13	3	10
14	8	10
15	8	4
16	7	3
\.


--
-- TOC entry 3860 (class 0 OID 37023)
-- Dependencies: 240
-- Data for Name: expense_tracker_passwordresettoken; Type: TABLE DATA; Schema: public; Owner: rachitpandya
--

COPY public.expense_tracker_passwordresettoken (token_id, token, expiry, created_at, user_id) FROM stdin;
1	7JDrSBJOcRfCuD0n5NgB3RvgXmSQufsjCv9WqUTr8p2SKUnGMK	2025-11-26 23:00:42.874851-05	2025-11-26 22:50:42.875298-05	3
\.


--
-- TOC entry 3854 (class 0 OID 17363)
-- Dependencies: 234
-- Data for Name: expense_tracker_settlement; Type: TABLE DATA; Schema: public; Owner: rachitpandya
--

COPY public.expense_tracker_settlement (id, payment_status, settlement_method, due_date, group_id, user_id, amount, settlement_date) FROM stdin;
4	Pending		2025-07-08	3	1	366.67	2025-07-08
8	Pending		2025-07-25	1	1	550.00	2025-07-08
1	Completed		2025-07-08	3	1	33.33	2025-07-08
10	Pending		2025-07-29	1	3	33.33	2025-07-30
11	Completed		2025-07-29	1	1	33.33	2025-07-30
12	Pending		2025-07-30	5	1	100.00	2025-07-30
13	Completed		2025-08-08	6	12	100.00	2025-08-08
3	Completed		2025-07-08	3	3	33.33	2025-07-08
6	Completed		2025-07-08	3	3	366.67	2025-07-08
14	Completed		2026-01-10	7	10	100.00	2026-01-10
\.


--
-- TOC entry 3863 (class 0 OID 43291)
-- Dependencies: 243
-- Data for Name: members; Type: TABLE DATA; Schema: public; Owner: rachitpandya
--

COPY public.members (customer_id, join_date) FROM stdin;
A	2021-01-07
B	2021-01-09
\.


--
-- TOC entry 3862 (class 0 OID 43288)
-- Dependencies: 242
-- Data for Name: menu; Type: TABLE DATA; Schema: public; Owner: rachitpandya
--

COPY public.menu (product_id, product_name, price) FROM stdin;
1	sushi	10
2	curry	15
3	ramen	12
\.


--
-- TOC entry 3861 (class 0 OID 43285)
-- Dependencies: 241
-- Data for Name: sales; Type: TABLE DATA; Schema: public; Owner: rachitpandya
--

COPY public.sales (customer_id, order_date, product_id) FROM stdin;
A	2021-01-01	1
A	2021-01-01	2
A	2021-01-07	2
A	2021-01-10	3
A	2021-01-11	3
A	2021-01-11	3
B	2021-01-01	2
B	2021-01-02	2
B	2021-01-04	1
B	2021-01-11	1
B	2021-01-16	3
B	2021-02-01	3
C	2021-01-01	3
C	2021-01-01	3
C	2021-01-07	3
\.


--
-- TOC entry 3870 (class 0 OID 0)
-- Dependencies: 215
-- Name: auth_group_id_seq; Type: SEQUENCE SET; Schema: public; Owner: rachitpandya
--

SELECT pg_catalog.setval('public.auth_group_id_seq', 1, false);


--
-- TOC entry 3871 (class 0 OID 0)
-- Dependencies: 217
-- Name: auth_group_permissions_id_seq; Type: SEQUENCE SET; Schema: public; Owner: rachitpandya
--

SELECT pg_catalog.setval('public.auth_group_permissions_id_seq', 1, false);


--
-- TOC entry 3872 (class 0 OID 0)
-- Dependencies: 213
-- Name: auth_permission_id_seq; Type: SEQUENCE SET; Schema: public; Owner: rachitpandya
--

SELECT pg_catalog.setval('public.auth_permission_id_seq', 52, true);


--
-- TOC entry 3873 (class 0 OID 0)
-- Dependencies: 235
-- Name: django_admin_log_id_seq; Type: SEQUENCE SET; Schema: public; Owner: rachitpandya
--

SELECT pg_catalog.setval('public.django_admin_log_id_seq', 4, true);


--
-- TOC entry 3874 (class 0 OID 0)
-- Dependencies: 211
-- Name: django_content_type_id_seq; Type: SEQUENCE SET; Schema: public; Owner: rachitpandya
--

SELECT pg_catalog.setval('public.django_content_type_id_seq', 13, true);


--
-- TOC entry 3875 (class 0 OID 0)
-- Dependencies: 209
-- Name: django_migrations_id_seq; Type: SEQUENCE SET; Schema: public; Owner: rachitpandya
--

SELECT pg_catalog.setval('public.django_migrations_id_seq', 38, true);


--
-- TOC entry 3876 (class 0 OID 0)
-- Dependencies: 219
-- Name: expense_tracker_category_id_seq; Type: SEQUENCE SET; Schema: public; Owner: rachitpandya
--

SELECT pg_catalog.setval('public.expense_tracker_category_id_seq', 1, false);


--
-- TOC entry 3877 (class 0 OID 0)
-- Dependencies: 223
-- Name: expense_tracker_customuser_groups_id_seq; Type: SEQUENCE SET; Schema: public; Owner: rachitpandya
--

SELECT pg_catalog.setval('public.expense_tracker_customuser_groups_id_seq', 1, false);


--
-- TOC entry 3878 (class 0 OID 0)
-- Dependencies: 221
-- Name: expense_tracker_customuser_id_seq; Type: SEQUENCE SET; Schema: public; Owner: rachitpandya
--

SELECT pg_catalog.setval('public.expense_tracker_customuser_id_seq', 13, true);


--
-- TOC entry 3879 (class 0 OID 0)
-- Dependencies: 225
-- Name: expense_tracker_customuser_user_permissions_id_seq; Type: SEQUENCE SET; Schema: public; Owner: rachitpandya
--

SELECT pg_catalog.setval('public.expense_tracker_customuser_user_permissions_id_seq', 1, false);


--
-- TOC entry 3880 (class 0 OID 0)
-- Dependencies: 227
-- Name: expense_tracker_expense_id_seq; Type: SEQUENCE SET; Schema: public; Owner: rachitpandya
--

SELECT pg_catalog.setval('public.expense_tracker_expense_id_seq', 7, true);


--
-- TOC entry 3881 (class 0 OID 0)
-- Dependencies: 229
-- Name: expense_tracker_group_id_seq; Type: SEQUENCE SET; Schema: public; Owner: rachitpandya
--

SELECT pg_catalog.setval('public.expense_tracker_group_id_seq', 8, true);


--
-- TOC entry 3882 (class 0 OID 0)
-- Dependencies: 231
-- Name: expense_tracker_group_members_id_seq; Type: SEQUENCE SET; Schema: public; Owner: rachitpandya
--

SELECT pg_catalog.setval('public.expense_tracker_group_members_id_seq', 16, true);


--
-- TOC entry 3883 (class 0 OID 0)
-- Dependencies: 239
-- Name: expense_tracker_passwordresettoken_token_id_seq; Type: SEQUENCE SET; Schema: public; Owner: rachitpandya
--

SELECT pg_catalog.setval('public.expense_tracker_passwordresettoken_token_id_seq', 3, true);


--
-- TOC entry 3884 (class 0 OID 0)
-- Dependencies: 233
-- Name: expense_tracker_settlement_id_seq; Type: SEQUENCE SET; Schema: public; Owner: rachitpandya
--

SELECT pg_catalog.setval('public.expense_tracker_settlement_id_seq', 14, true);


--
-- TOC entry 3602 (class 2606 OID 17312)
-- Name: auth_group auth_group_name_key; Type: CONSTRAINT; Schema: public; Owner: rachitpandya
--

ALTER TABLE ONLY public.auth_group
    ADD CONSTRAINT auth_group_name_key UNIQUE (name);


--
-- TOC entry 3607 (class 2606 OID 17298)
-- Name: auth_group_permissions auth_group_permissions_group_id_permission_id_0cd325b0_uniq; Type: CONSTRAINT; Schema: public; Owner: rachitpandya
--

ALTER TABLE ONLY public.auth_group_permissions
    ADD CONSTRAINT auth_group_permissions_group_id_permission_id_0cd325b0_uniq UNIQUE (group_id, permission_id);


--
-- TOC entry 3610 (class 2606 OID 17287)
-- Name: auth_group_permissions auth_group_permissions_pkey; Type: CONSTRAINT; Schema: public; Owner: rachitpandya
--

ALTER TABLE ONLY public.auth_group_permissions
    ADD CONSTRAINT auth_group_permissions_pkey PRIMARY KEY (id);


--
-- TOC entry 3604 (class 2606 OID 17279)
-- Name: auth_group auth_group_pkey; Type: CONSTRAINT; Schema: public; Owner: rachitpandya
--

ALTER TABLE ONLY public.auth_group
    ADD CONSTRAINT auth_group_pkey PRIMARY KEY (id);


--
-- TOC entry 3597 (class 2606 OID 17289)
-- Name: auth_permission auth_permission_content_type_id_codename_01ab375a_uniq; Type: CONSTRAINT; Schema: public; Owner: rachitpandya
--

ALTER TABLE ONLY public.auth_permission
    ADD CONSTRAINT auth_permission_content_type_id_codename_01ab375a_uniq UNIQUE (content_type_id, codename);


--
-- TOC entry 3599 (class 2606 OID 17273)
-- Name: auth_permission auth_permission_pkey; Type: CONSTRAINT; Schema: public; Owner: rachitpandya
--

ALTER TABLE ONLY public.auth_permission
    ADD CONSTRAINT auth_permission_pkey PRIMARY KEY (id);


--
-- TOC entry 3658 (class 2606 OID 17455)
-- Name: authtoken_token authtoken_token_pkey; Type: CONSTRAINT; Schema: public; Owner: rachitpandya
--

ALTER TABLE ONLY public.authtoken_token
    ADD CONSTRAINT authtoken_token_pkey PRIMARY KEY (key);


--
-- TOC entry 3660 (class 2606 OID 17457)
-- Name: authtoken_token authtoken_token_user_id_key; Type: CONSTRAINT; Schema: public; Owner: rachitpandya
--

ALTER TABLE ONLY public.authtoken_token
    ADD CONSTRAINT authtoken_token_user_id_key UNIQUE (user_id);


--
-- TOC entry 3654 (class 2606 OID 17438)
-- Name: django_admin_log django_admin_log_pkey; Type: CONSTRAINT; Schema: public; Owner: rachitpandya
--

ALTER TABLE ONLY public.django_admin_log
    ADD CONSTRAINT django_admin_log_pkey PRIMARY KEY (id);


--
-- TOC entry 3592 (class 2606 OID 17267)
-- Name: django_content_type django_content_type_app_label_model_76bd3d3b_uniq; Type: CONSTRAINT; Schema: public; Owner: rachitpandya
--

ALTER TABLE ONLY public.django_content_type
    ADD CONSTRAINT django_content_type_app_label_model_76bd3d3b_uniq UNIQUE (app_label, model);


--
-- TOC entry 3594 (class 2606 OID 17265)
-- Name: django_content_type django_content_type_pkey; Type: CONSTRAINT; Schema: public; Owner: rachitpandya
--

ALTER TABLE ONLY public.django_content_type
    ADD CONSTRAINT django_content_type_pkey PRIMARY KEY (id);


--
-- TOC entry 3590 (class 2606 OID 17259)
-- Name: django_migrations django_migrations_pkey; Type: CONSTRAINT; Schema: public; Owner: rachitpandya
--

ALTER TABLE ONLY public.django_migrations
    ADD CONSTRAINT django_migrations_pkey PRIMARY KEY (id);


--
-- TOC entry 3663 (class 2606 OID 17524)
-- Name: django_session django_session_pkey; Type: CONSTRAINT; Schema: public; Owner: rachitpandya
--

ALTER TABLE ONLY public.django_session
    ADD CONSTRAINT django_session_pkey PRIMARY KEY (session_key);


--
-- TOC entry 3613 (class 2606 OID 17321)
-- Name: expense_tracker_category expense_tracker_category_name_key; Type: CONSTRAINT; Schema: public; Owner: rachitpandya
--

ALTER TABLE ONLY public.expense_tracker_category
    ADD CONSTRAINT expense_tracker_category_name_key UNIQUE (name);


--
-- TOC entry 3615 (class 2606 OID 17319)
-- Name: expense_tracker_category expense_tracker_category_pkey; Type: CONSTRAINT; Schema: public; Owner: rachitpandya
--

ALTER TABLE ONLY public.expense_tracker_category
    ADD CONSTRAINT expense_tracker_category_pkey PRIMARY KEY (id);


--
-- TOC entry 3622 (class 2606 OID 17371)
-- Name: expense_tracker_customuser_groups expense_tracker_customus_customuser_id_group_id_b834665b_uniq; Type: CONSTRAINT; Schema: public; Owner: rachitpandya
--

ALTER TABLE ONLY public.expense_tracker_customuser_groups
    ADD CONSTRAINT expense_tracker_customus_customuser_id_group_id_b834665b_uniq UNIQUE (customuser_id, group_id);


--
-- TOC entry 3628 (class 2606 OID 17385)
-- Name: expense_tracker_customuser_user_permissions expense_tracker_customus_customuser_id_permission_c1a1b0ad_uniq; Type: CONSTRAINT; Schema: public; Owner: rachitpandya
--

ALTER TABLE ONLY public.expense_tracker_customuser_user_permissions
    ADD CONSTRAINT expense_tracker_customus_customuser_id_permission_c1a1b0ad_uniq UNIQUE (customuser_id, permission_id);


--
-- TOC entry 3626 (class 2606 OID 17337)
-- Name: expense_tracker_customuser_groups expense_tracker_customuser_groups_pkey; Type: CONSTRAINT; Schema: public; Owner: rachitpandya
--

ALTER TABLE ONLY public.expense_tracker_customuser_groups
    ADD CONSTRAINT expense_tracker_customuser_groups_pkey PRIMARY KEY (id);


--
-- TOC entry 3617 (class 2606 OID 17329)
-- Name: expense_tracker_customuser expense_tracker_customuser_pkey; Type: CONSTRAINT; Schema: public; Owner: rachitpandya
--

ALTER TABLE ONLY public.expense_tracker_customuser
    ADD CONSTRAINT expense_tracker_customuser_pkey PRIMARY KEY (id);


--
-- TOC entry 3632 (class 2606 OID 17343)
-- Name: expense_tracker_customuser_user_permissions expense_tracker_customuser_user_permissions_pkey; Type: CONSTRAINT; Schema: public; Owner: rachitpandya
--

ALTER TABLE ONLY public.expense_tracker_customuser_user_permissions
    ADD CONSTRAINT expense_tracker_customuser_user_permissions_pkey PRIMARY KEY (id);


--
-- TOC entry 3620 (class 2606 OID 17331)
-- Name: expense_tracker_customuser expense_tracker_customuser_username_key; Type: CONSTRAINT; Schema: public; Owner: rachitpandya
--

ALTER TABLE ONLY public.expense_tracker_customuser
    ADD CONSTRAINT expense_tracker_customuser_username_key UNIQUE (username);


--
-- TOC entry 3637 (class 2606 OID 17349)
-- Name: expense_tracker_expense expense_tracker_expense_pkey; Type: CONSTRAINT; Schema: public; Owner: rachitpandya
--

ALTER TABLE ONLY public.expense_tracker_expense
    ADD CONSTRAINT expense_tracker_expense_pkey PRIMARY KEY (id);


--
-- TOC entry 3643 (class 2606 OID 17411)
-- Name: expense_tracker_group_members expense_tracker_group_me_group_id_customuser_id_6a61b2e3_uniq; Type: CONSTRAINT; Schema: public; Owner: rachitpandya
--

ALTER TABLE ONLY public.expense_tracker_group_members
    ADD CONSTRAINT expense_tracker_group_me_group_id_customuser_id_6a61b2e3_uniq UNIQUE (group_id, customuser_id);


--
-- TOC entry 3647 (class 2606 OID 17361)
-- Name: expense_tracker_group_members expense_tracker_group_members_pkey; Type: CONSTRAINT; Schema: public; Owner: rachitpandya
--

ALTER TABLE ONLY public.expense_tracker_group_members
    ADD CONSTRAINT expense_tracker_group_members_pkey PRIMARY KEY (id);


--
-- TOC entry 3641 (class 2606 OID 17355)
-- Name: expense_tracker_group expense_tracker_group_pkey; Type: CONSTRAINT; Schema: public; Owner: rachitpandya
--

ALTER TABLE ONLY public.expense_tracker_group
    ADD CONSTRAINT expense_tracker_group_pkey PRIMARY KEY (group_id);


--
-- TOC entry 3666 (class 2606 OID 37027)
-- Name: expense_tracker_passwordresettoken expense_tracker_passwordresettoken_pkey; Type: CONSTRAINT; Schema: public; Owner: rachitpandya
--

ALTER TABLE ONLY public.expense_tracker_passwordresettoken
    ADD CONSTRAINT expense_tracker_passwordresettoken_pkey PRIMARY KEY (token_id);


--
-- TOC entry 3669 (class 2606 OID 37029)
-- Name: expense_tracker_passwordresettoken expense_tracker_passwordresettoken_token_key; Type: CONSTRAINT; Schema: public; Owner: rachitpandya
--

ALTER TABLE ONLY public.expense_tracker_passwordresettoken
    ADD CONSTRAINT expense_tracker_passwordresettoken_token_key UNIQUE (token);


--
-- TOC entry 3650 (class 2606 OID 17509)
-- Name: expense_tracker_settlement expense_tracker_settlement_pkey; Type: CONSTRAINT; Schema: public; Owner: rachitpandya
--

ALTER TABLE ONLY public.expense_tracker_settlement
    ADD CONSTRAINT expense_tracker_settlement_pkey PRIMARY KEY (id);


--
-- TOC entry 3600 (class 1259 OID 17313)
-- Name: auth_group_name_a6ea08ec_like; Type: INDEX; Schema: public; Owner: rachitpandya
--

CREATE INDEX auth_group_name_a6ea08ec_like ON public.auth_group USING btree (name varchar_pattern_ops);


--
-- TOC entry 3605 (class 1259 OID 17309)
-- Name: auth_group_permissions_group_id_b120cbf9; Type: INDEX; Schema: public; Owner: rachitpandya
--

CREATE INDEX auth_group_permissions_group_id_b120cbf9 ON public.auth_group_permissions USING btree (group_id);


--
-- TOC entry 3608 (class 1259 OID 17310)
-- Name: auth_group_permissions_permission_id_84c5c92e; Type: INDEX; Schema: public; Owner: rachitpandya
--

CREATE INDEX auth_group_permissions_permission_id_84c5c92e ON public.auth_group_permissions USING btree (permission_id);


--
-- TOC entry 3595 (class 1259 OID 17295)
-- Name: auth_permission_content_type_id_2f476e4b; Type: INDEX; Schema: public; Owner: rachitpandya
--

CREATE INDEX auth_permission_content_type_id_2f476e4b ON public.auth_permission USING btree (content_type_id);


--
-- TOC entry 3656 (class 1259 OID 17463)
-- Name: authtoken_token_key_10f0b77e_like; Type: INDEX; Schema: public; Owner: rachitpandya
--

CREATE INDEX authtoken_token_key_10f0b77e_like ON public.authtoken_token USING btree (key varchar_pattern_ops);


--
-- TOC entry 3652 (class 1259 OID 17449)
-- Name: django_admin_log_content_type_id_c4bce8eb; Type: INDEX; Schema: public; Owner: rachitpandya
--

CREATE INDEX django_admin_log_content_type_id_c4bce8eb ON public.django_admin_log USING btree (content_type_id);


--
-- TOC entry 3655 (class 1259 OID 17450)
-- Name: django_admin_log_user_id_c564eba6; Type: INDEX; Schema: public; Owner: rachitpandya
--

CREATE INDEX django_admin_log_user_id_c564eba6 ON public.django_admin_log USING btree (user_id);


--
-- TOC entry 3661 (class 1259 OID 17526)
-- Name: django_session_expire_date_a5c62663; Type: INDEX; Schema: public; Owner: rachitpandya
--

CREATE INDEX django_session_expire_date_a5c62663 ON public.django_session USING btree (expire_date);


--
-- TOC entry 3664 (class 1259 OID 17525)
-- Name: django_session_session_key_c0390e0f_like; Type: INDEX; Schema: public; Owner: rachitpandya
--

CREATE INDEX django_session_session_key_c0390e0f_like ON public.django_session USING btree (session_key varchar_pattern_ops);


--
-- TOC entry 3611 (class 1259 OID 17368)
-- Name: expense_tracker_category_name_61102fbf_like; Type: INDEX; Schema: public; Owner: rachitpandya
--

CREATE INDEX expense_tracker_category_name_61102fbf_like ON public.expense_tracker_category USING btree (name varchar_pattern_ops);


--
-- TOC entry 3629 (class 1259 OID 17396)
-- Name: expense_tracker_customuser_customuser_id_f886e187; Type: INDEX; Schema: public; Owner: rachitpandya
--

CREATE INDEX expense_tracker_customuser_customuser_id_f886e187 ON public.expense_tracker_customuser_user_permissions USING btree (customuser_id);


--
-- TOC entry 3623 (class 1259 OID 17382)
-- Name: expense_tracker_customuser_groups_customuser_id_18324636; Type: INDEX; Schema: public; Owner: rachitpandya
--

CREATE INDEX expense_tracker_customuser_groups_customuser_id_18324636 ON public.expense_tracker_customuser_groups USING btree (customuser_id);


--
-- TOC entry 3624 (class 1259 OID 17383)
-- Name: expense_tracker_customuser_groups_group_id_8a93c6f5; Type: INDEX; Schema: public; Owner: rachitpandya
--

CREATE INDEX expense_tracker_customuser_groups_group_id_8a93c6f5 ON public.expense_tracker_customuser_groups USING btree (group_id);


--
-- TOC entry 3630 (class 1259 OID 17397)
-- Name: expense_tracker_customuser_permission_id_6bb67b57; Type: INDEX; Schema: public; Owner: rachitpandya
--

CREATE INDEX expense_tracker_customuser_permission_id_6bb67b57 ON public.expense_tracker_customuser_user_permissions USING btree (permission_id);


--
-- TOC entry 3618 (class 1259 OID 17369)
-- Name: expense_tracker_customuser_username_9eb660ef_like; Type: INDEX; Schema: public; Owner: rachitpandya
--

CREATE INDEX expense_tracker_customuser_username_9eb660ef_like ON public.expense_tracker_customuser USING btree (username varchar_pattern_ops);


--
-- TOC entry 3633 (class 1259 OID 17408)
-- Name: expense_tracker_expense_category_id_b7269ed5; Type: INDEX; Schema: public; Owner: rachitpandya
--

CREATE INDEX expense_tracker_expense_category_id_b7269ed5 ON public.expense_tracker_expense USING btree (category_id);


--
-- TOC entry 3634 (class 1259 OID 17488)
-- Name: expense_tracker_expense_created_by_id_4efd82fc; Type: INDEX; Schema: public; Owner: rachitpandya
--

CREATE INDEX expense_tracker_expense_created_by_id_4efd82fc ON public.expense_tracker_expense USING btree (created_by_id);


--
-- TOC entry 3635 (class 1259 OID 17506)
-- Name: expense_tracker_expense_group_id_id_bd197452; Type: INDEX; Schema: public; Owner: rachitpandya
--

CREATE INDEX expense_tracker_expense_group_id_id_bd197452 ON public.expense_tracker_expense USING btree (group_id_id);


--
-- TOC entry 3638 (class 1259 OID 17484)
-- Name: expense_tracker_group_created_by_id_5762a434; Type: INDEX; Schema: public; Owner: rachitpandya
--

CREATE INDEX expense_tracker_group_created_by_id_5762a434 ON public.expense_tracker_group USING btree (created_by_id);


--
-- TOC entry 3639 (class 1259 OID 17485)
-- Name: expense_tracker_group_created_by_id_5762a434_like; Type: INDEX; Schema: public; Owner: rachitpandya
--

CREATE INDEX expense_tracker_group_created_by_id_5762a434_like ON public.expense_tracker_group USING btree (created_by_id varchar_pattern_ops);


--
-- TOC entry 3644 (class 1259 OID 17423)
-- Name: expense_tracker_group_members_customuser_id_525775c4; Type: INDEX; Schema: public; Owner: rachitpandya
--

CREATE INDEX expense_tracker_group_members_customuser_id_525775c4 ON public.expense_tracker_group_members USING btree (customuser_id);


--
-- TOC entry 3645 (class 1259 OID 17422)
-- Name: expense_tracker_group_members_group_id_702f4eb4; Type: INDEX; Schema: public; Owner: rachitpandya
--

CREATE INDEX expense_tracker_group_members_group_id_702f4eb4 ON public.expense_tracker_group_members USING btree (group_id);


--
-- TOC entry 3667 (class 1259 OID 37035)
-- Name: expense_tracker_passwordresettoken_token_da7b58a3_like; Type: INDEX; Schema: public; Owner: rachitpandya
--

CREATE INDEX expense_tracker_passwordresettoken_token_da7b58a3_like ON public.expense_tracker_passwordresettoken USING btree (token varchar_pattern_ops);


--
-- TOC entry 3670 (class 1259 OID 37036)
-- Name: expense_tracker_passwordresettoken_user_id_94ee9044; Type: INDEX; Schema: public; Owner: rachitpandya
--

CREATE INDEX expense_tracker_passwordresettoken_user_id_94ee9044 ON public.expense_tracker_passwordresettoken USING btree (user_id);


--
-- TOC entry 3648 (class 1259 OID 17429)
-- Name: expense_tracker_settlement_group_id_12f9e49b; Type: INDEX; Schema: public; Owner: rachitpandya
--

CREATE INDEX expense_tracker_settlement_group_id_12f9e49b ON public.expense_tracker_settlement USING btree (group_id);


--
-- TOC entry 3651 (class 1259 OID 17477)
-- Name: expense_tracker_settlement_user_id_8ecb1739; Type: INDEX; Schema: public; Owner: rachitpandya
--

CREATE INDEX expense_tracker_settlement_user_id_8ecb1739 ON public.expense_tracker_settlement USING btree (user_id);


--
-- TOC entry 3672 (class 2606 OID 17304)
-- Name: auth_group_permissions auth_group_permissio_permission_id_84c5c92e_fk_auth_perm; Type: FK CONSTRAINT; Schema: public; Owner: rachitpandya
--

ALTER TABLE ONLY public.auth_group_permissions
    ADD CONSTRAINT auth_group_permissio_permission_id_84c5c92e_fk_auth_perm FOREIGN KEY (permission_id) REFERENCES public.auth_permission(id) DEFERRABLE INITIALLY DEFERRED;


--
-- TOC entry 3673 (class 2606 OID 17299)
-- Name: auth_group_permissions auth_group_permissions_group_id_b120cbf9_fk_auth_group_id; Type: FK CONSTRAINT; Schema: public; Owner: rachitpandya
--

ALTER TABLE ONLY public.auth_group_permissions
    ADD CONSTRAINT auth_group_permissions_group_id_b120cbf9_fk_auth_group_id FOREIGN KEY (group_id) REFERENCES public.auth_group(id) DEFERRABLE INITIALLY DEFERRED;


--
-- TOC entry 3671 (class 2606 OID 17290)
-- Name: auth_permission auth_permission_content_type_id_2f476e4b_fk_django_co; Type: FK CONSTRAINT; Schema: public; Owner: rachitpandya
--

ALTER TABLE ONLY public.auth_permission
    ADD CONSTRAINT auth_permission_content_type_id_2f476e4b_fk_django_co FOREIGN KEY (content_type_id) REFERENCES public.django_content_type(id) DEFERRABLE INITIALLY DEFERRED;


--
-- TOC entry 3688 (class 2606 OID 17458)
-- Name: authtoken_token authtoken_token_user_id_35299eff_fk_expense_t; Type: FK CONSTRAINT; Schema: public; Owner: rachitpandya
--

ALTER TABLE ONLY public.authtoken_token
    ADD CONSTRAINT authtoken_token_user_id_35299eff_fk_expense_t FOREIGN KEY (user_id) REFERENCES public.expense_tracker_customuser(id) DEFERRABLE INITIALLY DEFERRED;


--
-- TOC entry 3686 (class 2606 OID 17439)
-- Name: django_admin_log django_admin_log_content_type_id_c4bce8eb_fk_django_co; Type: FK CONSTRAINT; Schema: public; Owner: rachitpandya
--

ALTER TABLE ONLY public.django_admin_log
    ADD CONSTRAINT django_admin_log_content_type_id_c4bce8eb_fk_django_co FOREIGN KEY (content_type_id) REFERENCES public.django_content_type(id) DEFERRABLE INITIALLY DEFERRED;


--
-- TOC entry 3687 (class 2606 OID 17444)
-- Name: django_admin_log django_admin_log_user_id_c564eba6_fk_expense_t; Type: FK CONSTRAINT; Schema: public; Owner: rachitpandya
--

ALTER TABLE ONLY public.django_admin_log
    ADD CONSTRAINT django_admin_log_user_id_c564eba6_fk_expense_t FOREIGN KEY (user_id) REFERENCES public.expense_tracker_customuser(id) DEFERRABLE INITIALLY DEFERRED;


--
-- TOC entry 3674 (class 2606 OID 17372)
-- Name: expense_tracker_customuser_groups expense_tracker_cust_customuser_id_18324636_fk_expense_t; Type: FK CONSTRAINT; Schema: public; Owner: rachitpandya
--

ALTER TABLE ONLY public.expense_tracker_customuser_groups
    ADD CONSTRAINT expense_tracker_cust_customuser_id_18324636_fk_expense_t FOREIGN KEY (customuser_id) REFERENCES public.expense_tracker_customuser(id) DEFERRABLE INITIALLY DEFERRED;


--
-- TOC entry 3676 (class 2606 OID 17386)
-- Name: expense_tracker_customuser_user_permissions expense_tracker_cust_customuser_id_f886e187_fk_expense_t; Type: FK CONSTRAINT; Schema: public; Owner: rachitpandya
--

ALTER TABLE ONLY public.expense_tracker_customuser_user_permissions
    ADD CONSTRAINT expense_tracker_cust_customuser_id_f886e187_fk_expense_t FOREIGN KEY (customuser_id) REFERENCES public.expense_tracker_customuser(id) DEFERRABLE INITIALLY DEFERRED;


--
-- TOC entry 3675 (class 2606 OID 17377)
-- Name: expense_tracker_customuser_groups expense_tracker_cust_group_id_8a93c6f5_fk_auth_grou; Type: FK CONSTRAINT; Schema: public; Owner: rachitpandya
--

ALTER TABLE ONLY public.expense_tracker_customuser_groups
    ADD CONSTRAINT expense_tracker_cust_group_id_8a93c6f5_fk_auth_grou FOREIGN KEY (group_id) REFERENCES public.auth_group(id) DEFERRABLE INITIALLY DEFERRED;


--
-- TOC entry 3677 (class 2606 OID 17391)
-- Name: expense_tracker_customuser_user_permissions expense_tracker_cust_permission_id_6bb67b57_fk_auth_perm; Type: FK CONSTRAINT; Schema: public; Owner: rachitpandya
--

ALTER TABLE ONLY public.expense_tracker_customuser_user_permissions
    ADD CONSTRAINT expense_tracker_cust_permission_id_6bb67b57_fk_auth_perm FOREIGN KEY (permission_id) REFERENCES public.auth_permission(id) DEFERRABLE INITIALLY DEFERRED;


--
-- TOC entry 3678 (class 2606 OID 17398)
-- Name: expense_tracker_expense expense_tracker_expe_category_id_b7269ed5_fk_expense_t; Type: FK CONSTRAINT; Schema: public; Owner: rachitpandya
--

ALTER TABLE ONLY public.expense_tracker_expense
    ADD CONSTRAINT expense_tracker_expe_category_id_b7269ed5_fk_expense_t FOREIGN KEY (category_id) REFERENCES public.expense_tracker_category(id) DEFERRABLE INITIALLY DEFERRED;


--
-- TOC entry 3679 (class 2606 OID 17495)
-- Name: expense_tracker_expense expense_tracker_expe_created_by_id_4efd82fc_fk_expense_t; Type: FK CONSTRAINT; Schema: public; Owner: rachitpandya
--

ALTER TABLE ONLY public.expense_tracker_expense
    ADD CONSTRAINT expense_tracker_expe_created_by_id_4efd82fc_fk_expense_t FOREIGN KEY (created_by_id) REFERENCES public.expense_tracker_customuser(username) DEFERRABLE INITIALLY DEFERRED;


--
-- TOC entry 3680 (class 2606 OID 17501)
-- Name: expense_tracker_expense expense_tracker_expe_group_id_id_bd197452_fk_expense_t; Type: FK CONSTRAINT; Schema: public; Owner: rachitpandya
--

ALTER TABLE ONLY public.expense_tracker_expense
    ADD CONSTRAINT expense_tracker_expe_group_id_id_bd197452_fk_expense_t FOREIGN KEY (group_id_id) REFERENCES public.expense_tracker_group(group_id) DEFERRABLE INITIALLY DEFERRED;


--
-- TOC entry 3681 (class 2606 OID 17479)
-- Name: expense_tracker_group expense_tracker_grou_created_by_id_5762a434_fk_expense_t; Type: FK CONSTRAINT; Schema: public; Owner: rachitpandya
--

ALTER TABLE ONLY public.expense_tracker_group
    ADD CONSTRAINT expense_tracker_grou_created_by_id_5762a434_fk_expense_t FOREIGN KEY (created_by_id) REFERENCES public.expense_tracker_customuser(username) DEFERRABLE INITIALLY DEFERRED;


--
-- TOC entry 3682 (class 2606 OID 17417)
-- Name: expense_tracker_group_members expense_tracker_grou_customuser_id_525775c4_fk_expense_t; Type: FK CONSTRAINT; Schema: public; Owner: rachitpandya
--

ALTER TABLE ONLY public.expense_tracker_group_members
    ADD CONSTRAINT expense_tracker_grou_customuser_id_525775c4_fk_expense_t FOREIGN KEY (customuser_id) REFERENCES public.expense_tracker_customuser(id) DEFERRABLE INITIALLY DEFERRED;


--
-- TOC entry 3683 (class 2606 OID 17412)
-- Name: expense_tracker_group_members expense_tracker_grou_group_id_702f4eb4_fk_expense_t; Type: FK CONSTRAINT; Schema: public; Owner: rachitpandya
--

ALTER TABLE ONLY public.expense_tracker_group_members
    ADD CONSTRAINT expense_tracker_grou_group_id_702f4eb4_fk_expense_t FOREIGN KEY (group_id) REFERENCES public.expense_tracker_group(group_id) DEFERRABLE INITIALLY DEFERRED;


--
-- TOC entry 3689 (class 2606 OID 37030)
-- Name: expense_tracker_passwordresettoken expense_tracker_pass_user_id_94ee9044_fk_expense_t; Type: FK CONSTRAINT; Schema: public; Owner: rachitpandya
--

ALTER TABLE ONLY public.expense_tracker_passwordresettoken
    ADD CONSTRAINT expense_tracker_pass_user_id_94ee9044_fk_expense_t FOREIGN KEY (user_id) REFERENCES public.expense_tracker_customuser(id) DEFERRABLE INITIALLY DEFERRED;


--
-- TOC entry 3684 (class 2606 OID 17424)
-- Name: expense_tracker_settlement expense_tracker_sett_group_id_12f9e49b_fk_expense_t; Type: FK CONSTRAINT; Schema: public; Owner: rachitpandya
--

ALTER TABLE ONLY public.expense_tracker_settlement
    ADD CONSTRAINT expense_tracker_sett_group_id_12f9e49b_fk_expense_t FOREIGN KEY (group_id) REFERENCES public.expense_tracker_group(group_id) DEFERRABLE INITIALLY DEFERRED;


--
-- TOC entry 3685 (class 2606 OID 17471)
-- Name: expense_tracker_settlement expense_tracker_sett_user_id_8ecb1739_fk_expense_t; Type: FK CONSTRAINT; Schema: public; Owner: rachitpandya
--

ALTER TABLE ONLY public.expense_tracker_settlement
    ADD CONSTRAINT expense_tracker_sett_user_id_8ecb1739_fk_expense_t FOREIGN KEY (user_id) REFERENCES public.expense_tracker_customuser(id) DEFERRABLE INITIALLY DEFERRED;


--
-- TOC entry 3869 (class 0 OID 0)
-- Dependencies: 4
-- Name: SCHEMA public; Type: ACL; Schema: -; Owner: rachitpandya
--

REVOKE USAGE ON SCHEMA public FROM PUBLIC;
GRANT ALL ON SCHEMA public TO PUBLIC;


-- Completed on 2026-02-16 18:32:36 EST

--
-- PostgreSQL database dump complete
--

